date,location,temp_max_c,temp_min_c,temp_mean_c,precip_mm,gdd_base10,gdd_cumulative,temp_anomaly_c,thermal_risk_lyme,thermal_risk_wnv
2023-01-01,Denver,17.888311751204945,8.196374576387177,13.490142459033699,0.0,3.4901424590336987,,-1.1857796183552498,0.3880324106083954,0.1
2023-01-02,Denver,17.145119449227924,8.276539892934846,11.808980726512297,0.0,1.8089807265122975,,-2.866941350876651,0.3588826631190041,0.1
2023-01-03,Denver,19.409435166570468,8.778167431826066,14.390546565397774,0.0,4.3905465653977735,,-0.28537551199117495,0.34210616584606607,0.1
2023-01-04,Denver,22.38665939094962,14.794020649483134,17.240145243126374,0.0,7.240145243126374,,2.5642231657374257,0.3879069229021264,0.1
2023-01-05,Denver,16.032456748476953,5.648237968271686,12.191971424260151,0.0,2.191971424260151,,-2.4839506531287974,0.4121402526176019,0.1
2023-01-06,Denver,17.451896774127675,6.706235289119697,12.415131512739261,0.009115585055828546,2.4151315127392614,,-2.260790564649687,0.41792821336408453,0.1
2023-01-07,Denver,23.824957950207,12.693915911868013,18.077960513338827,0.0,8.077960513338827,,3.402038435949878,0.430613399425266,0.1
2023-01-08,Denver,23.041724182842874,9.39097229523204,15.865008771150311,1.110128537407507,5.865008771150311,,1.1890866937613627,0.3856788336374644,0.1
2023-01-09,Denver,18.815107118795396,4.877989212973721,12.376200879667586,0.0,2.3762008796675858,,-2.2997211977213627,0.39443175754553844,0.1
2023-01-10,Denver,23.86346848566088,9.112139701866354,15.633694799393549,0.1441148197464237,5.633694799393549,,0.9577727220046004,0.42481046979299647,0.1
2023-01-11,Denver,16.685536451589748,10.597869142919292,12.836557795921824,0.0,2.8365577959218236,,-1.839364281467125,0.33365922919852614,0.1
2023-01-12,Denver,19.358238922332422,9.969123417354956,13.049757967251404,0.0,3.049757967251404,,-1.6261641101375446,0.28115420107745376,0.0
2023-01-13,Denver,20.66725832159768,11.32947317953367,15.392245312990152,0.0,5.392245312990152,,0.7163232356012035,0.29012941085688176,0.0
2023-01-14,Denver,17.429843334907268,4.106002359764506,9.145138935080757,0.0,0.0,,-5.5307831423081915,0.26772418148221433,0.0
2023-01-15,Denver,13.715545032505526,4.151503929834568,9.927992460538253,1.000731198217935,0.0,,-4.747929616850696,0.295270294548728,0.0
2023-01-16,Denver,17.37314748551635,9.721345968517712,13.632730248787514,0.0,3.6327302487875137,,-1.0431918286014348,0.2966284783109903,0.0
2023-01-17,Denver,16.597873718774068,7.216812540224484,12.496962686940101,0.0,2.496962686940101,,-2.1789593904488473,0.2719666867753097,0.0
2023-01-18,Denver,18.50717003876903,12.826088023763724,16.69301362523374,0.0,6.693013625233739,,2.0170915478447906,0.3787238899484769,0.1
2023-01-19,Denver,17.451271161446982,9.157180398456045,13.239903693968124,0.0,3.239903693968124,,-1.4360183834208247,0.4398715249106704,0.1
2023-01-20,Denver,15.800895505664318,9.049586143267199,11.939594497994864,0.0,1.9395944979948645,,-2.736327579394084,0.4743232945316399,0.1
2023-01-21,Denver,26.010334681202448,17.16959387065449,20.784744001488136,0.0,10.784744001488136,,6.108821924099187,0.4767969377519094,0.1
2023-01-22,Denver,21.433094650498962,12.947987595257723,15.920460686833223,1.5973117372988304,5.9204606868332235,,1.244538609444275,0.4655028771485254,0.1
2023-01-23,Denver,24.82325993046635,13.47281355110852,17.00900367164252,0.0,7.009003671642521,,2.3330815942535725,0.5115883966293578,0.1
2023-01-24,Denver,19.165015479805596,6.158917027614761,12.73937972252652,0.0,2.73937972252652,,-1.9365423548624285,0.5343792892099074,0.1
2023-01-25,Denver,19.720840202608496,12.010294019350017,15.586195686102101,0.30306153120575074,5.586195686102101,,0.9102736087131529,0.5156989983545421,0.1
2023-01-26,Denver,21.40866259606718,8.80771150583363,17.756284603089718,0.37907302093947504,7.756284603089718,,3.080362525700769,0.5187987612642099,0.1
2023-01-27,Denver,19.910980728148452,8.43312511956736,14.173101970888695,0.48252525316472816,4.173101970888695,,-0.5028201065002538,0.5222625877997495,0.1
2023-01-28,Denver,21.97372568713139,13.676821312120044,18.954075497662355,0.0,8.954075497662355,,4.278153420273407,0.5617991448698003,0.1
2023-01-29,Denver,23.971425600762174,12.511774122252465,16.224237451980645,0.0,6.224237451980645,,1.5483153745916969,0.6493844625994133,0.1
2023-01-30,Denver,24.117618853207347,11.297993853011931,17.348458672125417,0.9995512781984313,7.3484586721254175,,2.672536594736469,0.6596663668692975,0.3
2023-01-31,Denver,20.910198837234454,12.477419054748172,16.61396231539151,0.0,6.613962315391511,,1.9380402380025625,0.6764809839329862,0.3
2023-02-01,Denver,26.599855029967852,18.986542101636125,24.169556823604168,0.0,14.169556823604168,,3.6732857922796036,0.7039832115842748,0.3
2023-02-02,Denver,25.794719782786473,9.923784414135163,18.763911221538354,0.0,8.763911221538354,,-1.7323598097862103,0.6986807057668337,0.3
2023-02-03,Denver,20.64912467525127,10.965024292717171,15.820934443130195,0.0,5.820934443130195,,-4.675336588194369,0.7275433146218163,0.3
2023-02-04,Denver,28.506018275448817,14.925383818060109,21.649293807488622,0.0,11.649293807488622,,1.1530227761640575,0.6993644803713988,0.3
2023-02-05,Denver,18.312950393679913,11.759356519560292,15.704591881871462,0.0,5.704591881871462,,-4.791679149453103,0.6152428920162679,0.1
2023-02-06,Denver,24.277931805483018,15.22947707565912,20.176994339913676,0.0,10.176994339913676,,-0.319276691410888,0.6347661595244342,0.1
2023-02-07,Denver,18.860302108427874,6.196235605397332,13.852436558850597,1.201927383560183,3.852436558850597,,-6.6438344724739675,0.7026751922634988,0.3
2023-02-08,Denver,20.99611205544846,11.866091751483,15.925641164801348,0.07281947465753807,5.925641164801348,,-4.570629866523216,0.6955016752179486,0.3
2023-02-09,Denver,25.002093230119783,12.958518600343256,20.67719143733865,0.0,10.67719143733865,,0.180920406014085,0.7419273212191059,0.3
2023-02-10,Denver,28.410294550079787,16.414391748375323,22.476019651558538,0.6476174147908648,12.476019651558538,,1.9797486202339734,0.7387381540573378,0.3
2023-02-11,Denver,24.344858492950777,16.789989300866072,20.94628913702467,0.9061577129423168,10.94628913702467,,0.4500181057001065,0.765714515730346,0.3
2023-02-12,Denver,25.040735962452956,14.305693581401616,20.254305189984898,0.0,10.254305189984898,,-0.2419658413396668,0.7964061939108149,0.3
2023-02-13,Denver,25.04489940562827,13.405624283620327,19.86445595806042,0.382421007840539,9.864455958060422,,-0.6318150732641428,0.788165666762295,0.3
2023-02-14,Denver,22.26777825389351,10.563405059479592,16.496120002805387,0.5213501680052018,6.496120002805387,,-4.000151028519177,0.8053883135294284,0.6050515439338391
2023-02-15,Denver,25.00084794362062,16.28876270632297,18.933425626487285,0.0,8.933425626487285,,-1.5628454048372795,0.8147882394163571,0.6138639744528348
2023-02-16,Denver,23.182656639026902,15.96032554052101,19.869619776783708,1.2681243908041488,9.869619776783708,,-0.6266512545408567,0.7872974834882103,0.3
2023-02-17,Denver,27.277567920400173,19.950017129830865,24.578739176503607,0.0,14.578739176503607,,4.0824681451790426,0.8098338562410853,0.6092192402260174
2023-02-18,Denver,29.507791400084958,17.702926310887264,22.591276167237194,0.09273208633147559,12.591276167237194,,2.095005135912629,0.8346968614150101,0.6325283075765719
2023-02-19,Denver,21.919987691936406,10.490508527641003,16.42151667396702,0.0,6.4215166739670195,,-4.074754357357545,0.8414377439093811,0.6388478849150447
2023-02-20,Denver,26.70749761357087,17.563675917005817,22.8302274184057,0.059882059945330114,12.830227418405698,,2.333956387081134,0.8657103303526781,0.6616034347056357
2023-02-21,Denver,28.173873871526027,17.850162446307394,20.847145908242243,0.0,10.847145908242243,,0.35087487691767905,0.8710357791369927,0.6665960429409307
2023-02-22,Denver,25.286592014441492,14.54278328649326,20.113080063002204,0.0,10.113080063002204,,-0.38319096832236,0.8867647617496047,0.6813419641402544
2023-02-23,Denver,30.886268180456447,18.20144378643497,24.117322404360706,1.758845859418799,14.117322404360706,,3.621051373036142,0.9081363386027274,0.7013778174400568
2023-02-24,Denver,30.611970435873815,19.67100704186209,25.51069271375865,0.0,15.510692713758651,,5.014421682434087,0.9026926448701339,0.6962743545657505
2023-02-25,Denver,33.43497001176727,18.72267703611236,25.34384812444429,0.0,15.343848124444289,,4.847577093119725,0.9202622657799434,0.7127458741686968
2023-02-26,Denver,27.794553886928277,13.910659391440113,20.16154262326347,0.0,10.161542623263468,,-0.33472840806109616,0.9537547086840732,0.7441450393913186
2023-02-27,Denver,26.50413479248325,16.188810896359204,21.87758101520186,0.0,11.877581015201859,,1.3813099838772942,0.9400923449108668,0.7313365733539375
2023-02-28,Denver,30.379185993890438,19.027078134646878,23.921829567458907,0.0,13.921829567458907,,3.425558536134343,0.9241452761550648,0.7163861963953732
2023-03-01,Denver,31.942321495602663,23.465698971498927,25.97425757122494,2.060782034209253,15.974257571224939,15.974257571224939,1.5582146872597988,0.8939952139859949,0.6881205131118702
2023-03-02,Denver,28.77935608034809,16.08198141535069,21.726408744049568,1.4727028529573636,11.726408744049568,27.700666315274507,-2.6896341399155723,0.8925250147503277,0.6867422013284322
2023-03-03,Denver,26.272570490623153,17.408424150748644,22.71995568149331,0.0,12.71995568149331,40.42062199676782,-1.6960872024718299,0.9162721802129271,0.7090051689496191
2023-03-04,Denver,26.09666443485473,14.660218989064013,20.067587244857073,2.8049125800606536,10.067587244857073,50.488209241624894,-4.348455639108067,0.938226990634257,0.7295878037196157
2023-03-05,Denver,26.491894487296094,16.819380620752177,19.904257757021714,1.5796878355175878,9.904257757021714,60.39246699864661,-4.511785126943426,0.9245177999512189,0.7167354374542676
2023-03-06,Denver,28.395225741522054,22.65491978176912,26.033334971156727,0.3189520046944648,16.033334971156727,76.42580196980333,1.6172920871915863,0.9540483930714236,0.7444203685044595
2023-03-07,Denver,30.989033622192967,21.184192111192274,27.76392139119163,0.0,17.76392139119163,94.18972336099496,3.34787850722649,0.9674059881226571,0.7569431138649909
2023-03-08,Denver,25.516300935053113,18.634481932478245,23.575149201693264,3.0276399602024733,13.575149201693264,107.76487256268823,-0.8408936822718758,0.9791493902818404,0.7679525533892253
2023-03-09,Denver,31.490152288418574,20.872011494026474,26.89426254008541,0.0,16.89426254008541,124.65913510277363,2.4782196561202703,0.7,0.7964515517867338
2023-03-10,Denver,31.133848199153096,20.01505725126346,25.057534815459153,0.0,15.057534815459153,139.71666991823278,0.6414919314940128,0.7,0.8114456775804078
2023-03-11,Denver,29.37621820085823,17.07804841347057,22.122682622714187,1.9014112876382334,12.122682622714187,151.83935254094698,-2.293360261250953,0.7,0.7922743571948616
2023-03-12,Denver,30.335212961852932,18.81664508225927,25.22407079122327,3.3666576898398963,15.22407079122327,167.06342333217026,0.8080279072581291,0.7,0.8216449811819281
2023-03-13,Denver,36.27516177099949,24.60630554496861,28.83223845264255,2.3595605110069515,18.83223845264255,185.8956617848128,4.416195568677409,0.9774359126512384,0.7663461681105359
2023-03-14,Denver,27.115122731900662,19.041093753811523,24.185274919222998,1.587882865916419,14.185274919222998,200.0809367040358,-0.23076796474214234,0.988309397725561,0.7765400603677133
2023-03-15,Denver,31.502592020246283,24.751078612336578,29.057665679279015,1.667703358540444,19.057665679279015,219.1386023833148,4.641622795313875,0.7,0.7909672627151065
2023-03-16,Denver,21.48849588508061,12.22356177457401,16.571817433425537,1.9756145518802626,6.571817433425537,225.71041981674034,-7.844225450539604,0.9950683457996304,0.7828765741871535
2023-03-17,Denver,32.53649287687454,22.42415288866854,26.96039470346558,1.9306376704943586,16.96039470346558,242.6708145202059,2.5443518195004415,0.9728189160522327,0.7620177337989681
2023-03-18,Denver,29.766718272086486,19.482559736777056,24.815760394227624,1.5026560327599767,14.815760394227624,257.4865749144335,0.3997175102624837,0.9417563262039348,0.7328965558161887
2023-03-19,Denver,25.612645782612177,19.431931865167208,23.71380893267199,1.375651937664069,13.713808932671991,271.2003838471055,-0.7022339512931488,0.9134151991795884,0.706326749230864
2023-03-20,Denver,29.804908187578793,18.054954058487695,24.938588246847974,1.2590598155756132,14.938588246847974,286.1389720939535,0.522545362882834,0.9665447986017992,0.7561357486891866
2023-03-21,Denver,21.79261744501358,15.091232649100116,18.74932169577086,0.6180914732441781,8.74932169577086,294.88829378972434,-5.6667211881942805,0.9797381139268324,0.7685044818064053
2023-03-22,Denver,30.10247727326344,19.37827591626042,24.09796845001838,1.1419701772207358,14.097968450018382,308.9862622397427,-0.3180744339467587,0.9711584075673295,0.7604610070943714
2023-03-23,Denver,31.419394701457712,21.5290939197237,25.869497332312438,0.0,15.869497332312438,324.85575957205515,1.4534544483472978,0.9640704017449385,0.7538160016358797
2023-03-24,Denver,32.85940520585534,22.09875805881577,29.269224885346368,1.4259822178958463,19.269224885346368,344.1249844574015,4.853182001381228,0.9553902498136232,0.7456783592002717
2023-03-25,Denver,27.54351140530961,18.019479616547287,23.31431178131465,0.5867880071979532,13.31431178131465,357.43929623871617,-1.10173110265049,0.7,0.7935917428105324
2023-03-26,Denver,25.88458763092013,15.925641104550605,22.473407913753558,0.5229728911238616,12.473407913753558,369.9127041524697,-1.9426349702115822,0.7,0.8035212581464254
2023-03-27,Denver,28.325543012958008,20.647902218423226,23.419561658867767,1.857750111160989,13.419561658867767,383.3322658113375,-0.9964812250973729,0.7,0.790240271707544
2023-03-28,Denver,34.12586678377141,22.292577904215662,27.69315330301955,3.121247456251476,17.69315330301955,401.025419114357,3.2771104190544094,0.9872705425458159,0.7755661336367023
2023-03-29,Denver,29.47288890988176,19.61703178594992,25.951477979385075,2.69903121630808,15.951477979385075,416.9768970937421,1.5354350954199347,0.998550036217062,0.7861406589534955
2023-03-30,Denver,29.146449636997986,18.26695387980808,23.39037986372122,0.2617484260750136,13.390379863721218,430.3672769574633,-1.0256630202439219,0.7,0.815242837566436
2023-03-31,Denver,30.73466601789729,19.931831882857924,26.53005244545595,0.894205020753139,16.53005244545595,446.89732940291924,2.1140095614908105,0.7,0.812420671255785
2023-04-01,Denver,29.098913925389187,21.06415584893326,25.288223173782704,2.876222895679549,15.288223173782704,462.1855525767019,0.8257680230847164,0.7,0.7926954671814428
2023-04-02,Denver,32.745269048237304,20.79179342789077,27.90581458816914,1.004601991572958,17.90581458816914,480.0913671648711,3.443359437471152,0.9932997394534849,0.781218505737642
2023-04-03,Denver,26.339893797250475,14.44441009545066,22.892757280879536,1.8140977382280028,12.892757280879536,492.98412444575064,-1.5696978698184516,0.9772540159285278,0.7661756399329948
2023-04-04,Denver,28.18064125112157,19.55537304980183,24.011115209142343,2.6404130135652766,14.011115209142343,506.995239654893,-0.45133994155564494,0.9733390108344823,0.7625053226573271
2023-04-05,Denver,27.01229500432569,19.47736562531012,23.809111843208964,1.1736197101036603,13.809111843208964,520.8043514981019,-0.653343307489024,0.9758036490462881,0.764815920980895
2023-04-06,Denver,28.529465946228328,13.40230153117719,20.582378246853743,2.2989008544939082,10.582378246853743,531.3867297449557,-3.8800769038442446,0.9587857337447716,0.7488616253857233
2023-04-07,Denver,30.897821881955537,18.475568335401874,25.844926553997944,0.911003691073063,15.844926553997944,547.2316562989537,1.3824714032999559,0.9661455288928282,0.7557614333370264
2023-04-08,Denver,29.66994659885986,21.50382490157864,25.719534860848736,1.6950927722474012,15.719534860848736,562.9511911598024,1.257079710150748,0.9466917073941247,0.7375234756819918
2023-04-09,Denver,30.248649276505102,20.557959636047556,24.92767941040377,2.6675857329290387,14.927679410403769,577.8788705702062,0.4652242597057814,0.9452418681828376,0.7361642514214102
2023-04-10,Denver,29.012229357253226,19.60339834508023,24.18072143178947,0.8060503860709181,14.180721431789468,592.0595920019957,-0.2817337189085194,0.9633420017788702,0.7531331266676907
2023-04-11,Denver,25.27524204756935,17.6233722134206,20.606696446869183,2.8906409329943568,10.606696446869183,602.6662884488649,-3.855758703828805,0.9432461139487477,0.7342932318269508
2023-04-12,Denver,29.476640031298857,19.933367900960018,23.55538998123372,2.4815170775796758,13.55538998123372,616.2216784300986,-0.9070651694642677,0.9345875148765993,0.7261757951968117
2023-04-13,Denver,29.886163191230423,20.256112776287566,23.749901626159463,3.1044850093901886,13.749901626159463,629.9715800562581,-0.7125535245385244,0.9398561418264146,0.7311151329622636
2023-04-14,Denver,26.532394462310723,18.479842531382705,22.328146183726513,2.826585799456567,12.328146183726513,642.2997262399846,-2.1343089669714743,0.9744905844044429,0.7635849228791651
2023-04-15,Denver,28.340552662255746,19.256307354302937,24.204280023222765,4.017310121163439,14.204280023222765,656.5040062632073,-0.25817512747522287,0.99987432224993,0.7873821771093094
2023-04-16,Denver,30.437111580893944,20.498367027816627,25.84968912662141,2.828698671359136,15.84968912662141,672.3536953898288,1.3872339759234222,0.7,0.7963853528866456
2023-04-17,Denver,31.78886713584105,22.915998143723307,30.241748882944425,2.3241646505292044,20.241748882944425,692.5954442727732,5.779293732246437,0.7,0.7986600685084554
2023-04-18,Denver,27.776063976531624,21.54638163093764,25.04885056982945,2.925740418518807,15.048850569829451,707.6442948426027,0.5863954191314633,0.9904425914215976,0.7785399294577477
2023-04-19,Denver,32.28629419416993,18.75949919528827,25.235982793003146,3.3963755908793987,15.235982793003146,722.8802776356058,0.773527642305158,0.9902830097901981,0.7783903216783106
2023-04-20,Denver,31.641966779149215,19.495498475235554,24.17451520889729,2.951319493232707,14.17451520889729,737.0547928445031,-0.2879399418006976,0.9817713469618683,0.7704106377767515
2023-04-21,Denver,23.19883283492654,13.646582458739758,18.572386894261108,2.9921655569712,8.572386894261108,745.6271797387642,-5.89006825643688,0.9888992815790404,0.7770930764803503
2023-04-22,Denver,30.041188682311464,18.164123999477912,24.176353237727817,2.298414648947806,14.176353237727817,759.803532976492,-0.28610191297017096,0.9796984011466827,0.768467251075015
2023-04-23,Denver,29.827023363478993,21.044231164007137,24.36014813166369,2.3860414482027377,14.360148131663689,774.1636811081556,-0.10230701903429917,0.9773969518482246,0.7663096423577105
2023-04-24,Denver,41.10745865363244,25.915522821673513,31.489137440949587,1.6945622986921138,21.489137440949587,795.6528185491052,7.0266822902516,0.9748781499808634,0.7639482656070593
2023-04-25,Denver,30.11805886131871,18.18901818184726,23.438696494166845,4.894644403986916,13.438696494166845,809.091515043272,-1.0237586565311432,0.9843936038271559,0.7728690035879586
2023-04-26,Denver,29.641352778551806,19.094552269760733,24.833229165772956,1.9487652074563824,14.833229165772956,823.924744209045,0.3707740150749679,0.7,0.7883941427953035
2023-04-27,Denver,27.300414221208445,18.299971916247358,23.733724882109083,2.5469306255528057,13.733724882109083,837.6584690911541,-0.7287302685889046,0.7,0.7961105507984109
2023-04-28,Denver,22.827921836975943,11.55464110749596,20.237591317362302,2.5682685481682537,10.237591317362302,847.8960604085164,-4.224863833335686,0.9767509706716511,0.7657040350046728
2023-04-29,Denver,32.37957467689971,23.03098919947585,27.074379223098877,4.228058911258281,17.074379223098877,864.9704396316152,2.611924072400889,0.9605528180126228,0.7505182668868339
2023-04-30,Denver,29.66601817431728,21.597039724746462,25.800544292243735,3.0842485400642845,15.800544292243735,880.770983923859,1.3380891415457477,0.9753871119079612,0.7644254174137136
2023-05-01,Denver,28.679873928388595,21.747965282422253,25.813254492785106,4.672595288874884,15.813254492785106,896.5842384166441,4.692469646099461,0.9477694555437431,0.7385338645722591
2023-05-02,Denver,24.63416045247318,16.43723545757735,20.604019778836967,2.7965953750433092,10.604019778836967,907.188258195481,-0.5167650678486773,0.973547842455905,0.7627011023024108
2023-05-03,Denver,30.806908592035555,23.385311288416926,27.42923059745715,3.7938773263883636,17.42923059745715,924.6174887929382,6.308445750771504,0.9870565218088955,0.7753654891958395
2023-05-04,Denver,26.43134747097976,12.11711022170958,18.90063501837091,2.72388438320679,8.90063501837091,933.5181238113091,-2.220149828314735,0.9526019578990386,0.7430643355303486
2023-05-05,Denver,31.07126866241481,17.618052655005847,24.74880902699063,5.748266802616325,14.748809026990632,948.2669328382998,3.628024180304987,0.9246182263973443,0.7168295872475101
2023-05-06,Denver,34.42643914789729,25.29451755049643,29.438398109872217,2.4589304558246448,19.438398109872217,967.705330948172,8.317613263186573,0.9370706470750485,0.7285037316328579
2023-05-07,Denver,26.990911816353798,16.0195289676751,19.770995608018758,3.999272883051784,9.770995608018758,977.4763265561908,-1.3497892386668866,0.8994176166142959,0.6932040155759023
2023-05-08,Denver,26.03215394146002,15.208978145408988,20.916101479988594,4.365651730587281,10.916101479988594,988.3924280361794,-0.20468336669705067,0.8917651754968897,0.686029852028334
2023-05-09,Denver,26.491267095442815,18.611527963856666,22.78319339743521,4.187583432042233,12.783193397435209,1001.1756214336145,1.6624085507495643,0.8776530179837412,0.6727997043597572
2023-05-10,Denver,28.124636382729896,14.890552540192147,20.83995026682541,3.629880550068839,10.839950266825412,1012.01557170044,-0.2808345798602332,0.8165401192136071,0.6155063617627566
2023-05-11,Denver,23.36982288835188,12.257073291547943,17.56145782282489,3.7261935100540837,7.561457822824892,1019.5770295232649,-3.559327023860753,0.8361655503096235,0.633905203415272
2023-05-12,Denver,25.72331223069993,19.55279763468546,22.279181462189612,3.9401217055411557,12.279181462189612,1031.8562109854545,1.1583966155039676,0.8245170472144335,0.6229847317635314
2023-05-13,Denver,23.458132807973332,11.422383023103652,18.743640825098744,3.789042338060162,8.743640825098744,1040.5998518105532,-2.3771440215869006,0.8436648073329579,0.640935756874648
2023-05-14,Denver,26.892018669744516,15.51162954017837,23.205446049821653,4.939083870889057,13.205446049821653,1053.8052978603748,2.084661203136008,0.8330367486698343,0.6309719518779696
2023-05-15,Denver,21.803413841883835,14.796796474056919,18.87761343833034,6.2243028742939455,8.87761343833034,1062.6829112987052,-2.2431714083553054,0.8481507175838423,0.6451412977348521
2023-05-16,Denver,32.52331773947442,21.715603758080935,26.13405141817696,3.494266479865998,16.13405141817696,1078.8169627168822,5.0132665714913145,0.8548594383806999,0.6514307234819061
2023-05-17,Denver,26.84416496148399,13.551241914691438,18.980040000778796,2.719325697211539,8.980040000778796,1087.7970027176611,-2.1407448459068483,0.8457955558024178,0.6429333335647666
2023-05-18,Denver,23.108551022047575,14.704717197795748,20.206402382776286,4.037597986442124,10.206402382776286,1098.0034051004375,-0.9143824639093587,0.8352913500239416,0.6330856406474452
2023-05-19,Denver,29.297661456675574,17.465391192630474,23.45320760163972,6.7417107863159025,13.453207601639718,1111.456612702077,2.3324227549540737,0.867067621270999,0.6628758949415615
2023-05-20,Denver,21.18149752021661,9.142154565749824,17.15746137389935,3.3938076468710054,7.1574613738993484,1118.6140740759765,-3.9633234727862963,0.8064402507007973,0.6060377350319973
2023-05-21,Denver,25.63652196294128,16.6326308798294,21.367210038588325,5.871428625058149,11.367210038588325,1129.981284114565,0.24642519190268075,0.8164275544983057,0.6154008323421616
2023-05-22,Denver,28.54987002020709,20.635906773373076,24.438460906565396,5.9441807562944815,14.438460906565396,1144.4197450211302,3.3176760598797514,0.8196958162096899,0.6184648276965842
2023-05-23,Denver,19.22827541387192,12.593240410413436,15.524261568391646,3.746388216192483,5.524261568391646,1149.944006589522,-5.596523278293999,0.8123436666989254,0.6115721875302426
2023-05-24,Denver,25.800600607260005,16.824213225255644,20.727818165342764,4.901774520106156,10.727818165342764,1160.6718247548647,-0.39296668134288026,0.8053316368318887,0.6049984095298956
2023-05-25,Denver,24.53192300765198,15.828038641579234,20.778348182268537,5.993311790620114,10.778348182268537,1171.4501729371332,-0.3424366644171073,0.7496275107193426,0.3
2023-05-26,Denver,27.572266675925686,14.474744641979246,22.166581437255928,4.017210377671607,12.166581437255928,1183.616754374389,1.0457965905702835,0.7129134719603384,0.3
2023-05-27,Denver,20.8549989829942,11.706773095722161,15.930356147167904,4.2234706230224806,5.930356147167904,1189.547110521557,-5.19042869951774,0.7583708000454035,0.3
2023-05-28,Denver,20.139247573203782,10.161987716045049,15.497669643503396,3.8753637460555956,5.4976696435033965,1195.0447801650603,-5.623115203182248,0.7473825450637709,0.3
2023-05-29,Denver,24.479139615120594,15.86511945229212,20.840485108182992,3.471553530830645,10.840485108182992,1205.8852652732432,-0.2802997385026522,0.7368703769967144,0.3
2023-05-30,Denver,24.113922724875525,13.196489810555898,19.979079720728024,3.8655615705873156,9.979079720728024,1215.8643449939714,-1.1417051259576212,0.6788039277396094,0.3
2023-05-31,Denver,25.7840560158814,10.860570538332333,19.650969177142766,3.3186825019162365,9.650969177142766,1225.5153141711141,-1.4698156695428786,0.7103136230123448,0.3
2023-06-01,Denver,25.499531493133585,15.544458871077495,19.748155711697013,4.6037364559622365,9.748155711697013,1235.2634698828113,3.165496538067874,0.746095473789415,0.3
2023-06-02,Denver,20.009736542861784,12.210228573836945,16.476069410059612,3.825948532030977,6.476069410059612,1241.7395392928709,-0.10658976356952721,0.6944959600480669,0.3
2023-06-03,Denver,24.16730474203983,12.45206496829238,19.01830628389599,4.85520722262399,9.018306283895988,1250.7578455767668,2.4356471102668493,0.7286284907548288,0.3
2023-06-04,Denver,25.131371704713963,12.98145378521681,19.00429101965628,3.0902484286639336,9.004291019656279,1259.762136596423,2.4216318460271395,0.7214400622364288,0.3
2023-06-05,Denver,18.279624839848804,8.01367177292681,15.78373276153086,5.0009629615184865,5.78373276153086,1265.545869357954,-0.7989264120982789,0.6602110955149811,0.3
2023-06-06,Denver,29.13910801856061,17.44817545200176,23.324067729990706,5.526759142211626,13.324067729990706,1278.8699370879447,6.741408556361566,0.6868464527841234,0.3
2023-06-07,Denver,22.9525675439208,14.48544131852016,18.94650318233957,2.7218439271027366,8.946503182339569,1287.8164402702841,2.36384400871043,0.635498006386915,0.1
2023-06-08,Denver,19.603614975884874,7.861734726956672,13.747716972995136,5.111180843759754,3.7477169729951356,1291.5641572432792,-2.8349422006340035,0.6361025093568953,0.1
2023-06-09,Denver,22.941445687621783,12.423279051561199,19.08633442243556,5.9855269016291235,9.08633442243556,1300.6504916657148,2.5036752488064202,0.6788067342570063,0.3
2023-06-10,Denver,16.2788353859728,7.755435265173533,13.98615853696958,3.5681333128903434,3.9861585369695796,1304.6366502026842,-2.5965006366595595,0.5818291381740786,0.1
2023-06-11,Denver,21.622218653889593,13.30262126405339,19.063532310714336,6.469440026361244,9.063532310714336,1313.7001825133987,2.4808731370851973,0.5819721661083554,0.1
2023-06-12,Denver,25.040874221733823,13.368734767358017,19.968746801741748,5.2341511845886375,9.968746801741748,1323.6689293151403,3.386087628112609,0.6161343340509039,0.1
2023-06-13,Denver,19.209847066445988,7.066319928195255,13.820263313863764,4.127550670744189,3.820263313863764,1327.489192629004,-2.762395859765375,0.6061633629808807,0.1
2023-06-14,Denver,22.604044982242094,11.887281433342418,18.960519919898708,4.793384450716589,8.960519919898708,1336.4497125489027,2.377860746269569,0.6789375651896188,0.3
2023-06-15,Denver,23.053498119530932,11.122544599980406,17.09560943136487,5.423227177087488,7.0956094313648705,1343.5453219802675,0.5129502577357314,0.6321170722052231,0.1
2023-06-16,Denver,20.61689916416984,13.359856378048562,18.10917925757328,4.955803460391645,8.109179257573281,1351.6545012378408,1.526520083944142,0.558280525451996,0.1
2023-06-17,Denver,26.018910655454967,15.897959823775956,21.11803035342594,5.4325985195201,11.11803035342594,1362.7725315912667,4.535371179796801,0.5408005795129858,0.1
2023-06-18,Denver,17.658599698599872,7.665360548481022,14.475123998243557,3.9863558840938524,4.475123998243557,1367.2476555895103,-2.107535175385582,0.47089034270198055,0.1
2023-06-19,Denver,16.75501105822225,8.958168726406344,12.73276521992549,5.088715835735863,2.73276521992549,1369.9804208094358,-3.849893953703649,0.44038065958795136,0.1
2023-06-20,Denver,17.178326618815397,6.554218648531426,12.107228611840778,3.517100981426565,2.107228611840778,1372.0876494212766,-4.475430561788361,0.41008237219078164,0.1
2023-06-21,Denver,15.81869666449425,7.699324930911221,12.10931671242018,4.830181419736196,2.1093167124201795,1374.1969661336968,-4.47334246120896,0.3448520824410111,0.1
2023-06-22,Denver,18.52882716984526,9.062543251787773,14.105660486189999,4.047220239856039,4.105660486189999,1378.3026266198867,-2.4769986874391403,0.36199649117313415,0.1
2023-06-23,Denver,21.649386306472316,8.222269298739707,15.139947092650655,4.2244438560852045,5.1399470926506545,1383.4425737125373,-1.4427120809784846,0.3697292212577288,0.1
2023-06-24,Denver,18.860124153663705,9.438813355918573,14.725461957948427,6.204035787121536,4.725461957948427,1388.1680356704858,-1.8571972156807117,0.42567158214808354,0.1
2023-06-25,Denver,22.408814222089337,11.0856212317574,16.155276053991624,6.066342080292139,6.155276053991624,1394.3233117244774,-0.42738311963751485,0.4267199190654405,0.1
2023-06-26,Denver,16.796012486229326,10.530356979685632,13.490572768215753,5.590377862215712,3.4905727682157526,1397.8138844926932,-3.0920864054133865,0.4964915478341564,0.1
2023-06-27,Denver,23.38428624596847,11.470199630054715,17.589579979095546,3.894251352570846,7.5895799790955465,1405.4034644717888,1.0069208054664074,0.4893113843617405,0.1
2023-06-28,Denver,19.374406661308,6.2438274586095375,12.21205373032115,4.674595060080243,2.2120537303211503,1407.61551820211,-4.370605443307989,0.43868592615516366,0.1
2023-06-29,Denver,22.23581335533323,12.698398020565977,20.943280105524167,6.20765430339476,10.943280105524167,1418.558798307634,4.360620931895028,0.3646444711692249,0.1
2023-06-30,Denver,18.2409481891482,9.897958424783416,14.436291072353916,5.1389392589465945,4.4362910723539155,1422.995089379988,-2.1463681012752236,0.3630623642096416,0.1
2023-07-01,Denver,15.629775244474693,4.435441562207974,9.764167053703883,7.318329485513228,0.0,1422.995089379988,0.4277567580289574,0.29703216881799316,0.0
2023-07-02,Denver,13.594645386305128,3.525137939803483,8.899213465369616,5.393206716743168,0.0,1422.995089379988,-0.4371968303053091,0.30974655466750284,0.1
2023-07-03,Denver,18.89224509623357,5.969346366531394,13.335526286176606,5.191937993838828,3.3355262861766057,1426.3306156661647,3.9991159905016804,0.24749158942754598,0.0
2023-07-04,Denver,15.087994140995988,6.136915219650148,10.99397192106972,4.689883481329032,0.9939719210697202,1427.3245875872344,1.657561625394795,0.22134300342497779,0.0
2023-07-05,Denver,18.712597134426733,8.164180164561873,13.582712453217383,5.130763250088972,3.5827124532173826,1430.907300040452,4.246302157542457,0.21038924659974426,0.0
2023-07-06,Denver,17.403424414877207,6.725095503390518,12.636940267965327,4.842086767035033,2.6369402679653273,1433.5442403084173,3.300529972290402,0.189708373513964,0.0
2023-07-07,Denver,17.527162124484075,5.495575347259828,10.775489031994365,5.699112186463636,0.7754890319943648,1434.3197293404116,1.4390787363194395,0.1586455345906697,0.0
2023-07-08,Denver,13.612272363123013,3.900291519996987,8.230641098171194,5.9432664340380095,0.0,1434.3197293404116,-1.1057691975037311,0.17064435531882918,0.0
2023-07-09,Denver,11.51029522647318,0.7127562440129163,6.0038912333603776,4.195250280800585,0.0,1434.3197293404116,-3.3325190623145478,0.14880919539720433,0.0
2023-07-10,Denver,13.368913387731688,2.37628121212573,8.986728836915388,3.643799006140092,0.0,1434.3197293404116,-0.3496814587595374,0.10087260812196427,0.0
2023-07-11,Denver,16.94239748690331,9.213579772128641,12.67380682301205,3.131737238807803,2.6738068230120504,1436.9935361634236,3.337396527337125,0.09506765225226922,0.0
2023-07-12,Denver,14.876952782460467,5.326335552969584,10.525790064189898,5.467965125587515,0.5257900641898985,1437.5193262276136,1.1893797685149732,0.11042150325439753,0.0
2023-07-13,Denver,11.517496262999174,1.9759992718404877,5.925818049431728,3.8477612751469557,0.0,1437.5193262276136,-3.4105922462431977,0.11292552286181375,0.0
2023-07-14,Denver,14.331318489006662,3.1702252668497923,9.962795210237056,2.7885168881324134,0.0,1437.5193262276136,0.6263849145621307,0.1148052238237354,0.0
2023-07-15,Denver,15.814842523813784,7.664960595644826,10.380180238469164,5.319394082862509,0.3801802384691637,1437.8995064660828,1.0437699427942384,0.08675642330132013,0.0
2023-07-16,Denver,14.467555176366803,2.1928367493060277,6.354453978398645,7.4123545291325765,0.0,1437.8995064660828,-2.98195631727628,0.04677285376366602,0.0
2023-07-17,Denver,15.556574026731958,3.684069158987639,9.24988697158442,4.900958565633325,0.0,1437.8995064660828,-0.08652332409050523,0.07027483505693563,0.0
2023-07-18,Denver,13.257939451622146,1.398688706022396,8.746974749873907,5.732333301525372,0.0,1437.8995064660828,-0.5894355458010185,0.06776888389052065,0.0
2023-07-19,Denver,11.72991121216424,0.026715720527803022,4.928090328918321,4.961627427526799,0.0,1437.8995064660828,-4.408319966756604,0.07195933547721908,0.0
2023-07-20,Denver,13.603982370957151,5.048894720529278,9.21609543048948,4.766010611374623,0.0,1437.8995064660828,-0.12031486518544554,0.1027735648556943,0.0
2023-07-21,Denver,11.55477524417218,1.790226442778076,9.611962046938961,5.768230011362064,0.0,1437.8995064660828,0.27555175126403597,0.05930803932038957,0.0
2023-07-22,Denver,14.454713994230838,8.138864311231309,10.966843460606944,4.5422879823139475,0.9668434606069436,1438.8663499266897,1.6304331649320183,0.027374800625598047,0.0
2023-07-23,Denver,12.862258209846392,8.9666550263153,10.668446091385176,5.082524489294495,0.6684460913851762,1439.534796018075,1.3320357957102509,0.052377242598266524,0.0
2023-07-24,Denver,7.637443170579787,-2.495308278438248,3.1647133966417504,5.118565445719553,0.0,1439.534796018075,-6.171696899033175,0.04526034943858125,0.0
2023-07-25,Denver,9.303948901387418,0.02940266913200773,4.276321332603091,4.1096838779385,0.0,1439.534796018075,-5.060088963071834,0.0338901822412597,0.0
2023-07-26,Denver,15.943088173504833,4.960281430787979,8.428432205091909,5.749900258692354,0.0,1439.534796018075,-0.9079780905830166,0.08292308806126537,0.0
2023-07-27,Denver,13.710121448779791,2.157195717184517,8.219730388133547,4.562164517216773,0.0,1439.534796018075,-1.1166799075413785,0.062333362526153645,0.0
2023-07-28,Denver,12.691487846100646,2.6544375686571433,8.020138639313942,3.9598344101813474,0.0,1439.534796018075,-1.3162716563609838,0.10602557627000947,0.0
2023-07-29,Denver,24.075558647182966,13.677568221512825,17.831450275407732,5.229740024173105,7.831450275407732,1447.3662462934826,8.495039979732807,0.13648371030903492,0.0
2023-07-30,Denver,9.46918155295771,4.706341114475881,7.785884516469539,3.7716147475129933,0.0,1447.3662462934826,-1.550525779205386,0.12940941012353777,0.0
2023-07-31,Denver,14.635045157944418,2.972937328361353,9.28162332078157,4.67432523223669,0.0,1447.3662462934826,-0.05478697489335538,0.10173548722881866,0.0
2023-08-01,Denver,14.69675788889709,2.5651583311286474,8.540460098066639,4.61230231418904,0.0,1447.3662462934826,5.511276591933107,0.09714461862925239,0.0
2023-08-02,Denver,10.22015081045255,2.5867939747913864,7.438030179122312,5.681817328921197,0.0,1447.3662462934826,4.40884667298878,0.0,0.0
2023-08-03,Denver,11.061012247683273,-3.4245743111986195,4.345381182872879,5.044351220582963,0.0,1447.3662462934826,1.316197676739347,0.0,0.0
2023-08-04,Denver,12.88516164661629,3.982544184863896,7.377417035374667,4.517595809933349,0.0,1447.3662462934826,4.348233529241135,0.0,0.0
2023-08-05,Denver,6.970466784507619,-0.1183135882540709,2.593398655358821,5.33260541485361,0.0,1447.3662462934826,-0.4357848507747111,0.0,0.0
2023-08-06,Denver,9.964056567607104,0.05274587326954272,4.014883768447676,5.8765178105408244,0.0,1447.3662462934826,0.9857002623141442,0.0,0.0
2023-08-07,Denver,11.490909160463062,-1.8467511017102858,3.0848698737564675,5.0148549663561015,0.0,1447.3662462934826,0.05568636762293533,0.0,0.0
2023-08-08,Denver,9.877213520944562,-0.7605950356272189,4.604414138356819,4.437403602968223,0.0,1447.3662462934826,1.5752306322232865,0.0,0.0
2023-08-09,Denver,16.49519375754704,6.484716964881031,11.122862878096536,3.0845018863089355,1.1228628780965355,1448.4891091715792,8.093679371963002,0.0,0.0
2023-08-10,Denver,2.7104632733911336,-7.128578472069946,-1.6004953772985004,3.2998015044162043,0.0,1448.4891091715792,-4.629678883432033,0.0,0.0
2023-08-11,Denver,9.610097427180504,2.7621731176633575,5.884863981377691,4.027566736566213,0.0,1448.4891091715792,2.855680475244159,0.0,0.0
2023-08-12,Denver,5.060644839172086,-8.35050579175417,-1.1848588856442817,3.6904642557411944,0.0,1448.4891091715792,-4.214042391777814,0.0,0.0
2023-08-13,Denver,5.7830460200502944,-2.8096014734975516,2.0671717589135947,4.0795086392325945,0.0,1448.4891091715792,-0.9620117472199374,0.0,0.0
2023-08-14,Denver,11.689370911955251,-0.09392219125603063,6.582021556126161,4.288961744511189,0.0,1448.4891091715792,3.552838049992629,0.0,0.0
2023-08-15,Denver,7.6262995639375,-2.1713022854813815,3.342785734085175,4.727174969197467,0.0,1448.4891091715792,0.31360222795164283,0.0,0.0
2023-08-16,Denver,5.472579455300962,-5.931020112049302,-0.2458902833186256,4.091502670602492,0.0,1448.4891091715792,-3.2750737894521578,0.0,0.0
2023-08-17,Denver,6.181995098757207,-5.17314897952152,0.6815019408267853,4.612381678619581,0.0,1448.4891091715792,-2.347681565306747,0.0,0.0
2023-08-18,Denver,11.265303285403373,-0.9625694710094468,4.708993369016525,4.153603091600737,0.0,1448.4891091715792,1.6798098628829932,0.0,0.0
2023-08-19,Denver,4.5596273034421335,-5.639432238077062,0.32465190172425373,2.0762916985199613,0.0,1448.4891091715792,-2.7045316044092784,0.0,0.0
2023-08-20,Denver,7.608677224774126,-3.9802391674844646,3.0134896277141827,3.0744444788838408,0.0,1448.4891091715792,-0.01569387841934944,0.0,0.0
2023-08-21,Denver,5.883901188121872,-2.942734992756872,2.352046761795333,3.8311171983725316,0.0,1448.4891091715792,-0.677136744338199,0.0,0.0
2023-08-22,Denver,4.448207100791324,-5.9488586454772765,0.11464699090549102,2.7263495968475433,0.0,1448.4891091715792,-2.914536515228041,0.0,0.0
2023-08-23,Denver,13.924290469771726,3.492943271635289,8.358339730204449,4.49623896355825,0.0,1448.4891091715792,5.329156224070917,0.0,0.0
2023-08-24,Denver,9.823791875898774,-3.471866872243464,3.6883089509307454,5.386765042131207,0.0,1448.4891091715792,0.6591254447972132,0.0,0.0
2023-08-25,Denver,-0.8090529754132607,-8.411216536057918,-4.4258049891468225,5.033930060643864,0.0,1448.4891091715792,-7.454988495280355,0.0,0.0
2023-08-26,Denver,8.379532522294493,-5.626287007230221,2.075123642136002,3.5603414636605266,0.0,1448.4891091715792,-0.95405986399753,0.0,0.0
2023-08-27,Denver,6.433102725105357,-5.540117137135555,-0.6003540631020692,5.222600986505134,0.0,1448.4891091715792,-3.6295375692356013,0.0,0.0
2023-08-28,Denver,9.4348477758134,0.9608580741549222,3.81469542097785,3.838119630026868,0.0,1448.4891091715792,0.7855119148443177,0.0,0.0
2023-08-29,Denver,6.570600271096723,-6.4367500701065605,-1.2445934477403764,3.3094429037361186,0.0,1448.4891091715792,-4.2737769538739085,0.0,0.0
2023-08-30,Denver,4.506869131354127,-3.310869583778193,0.6675529300094857,2.989715011301998,0.0,1448.4891091715792,-2.3616305761240466,0.0,0.0
2023-08-31,Denver,5.541791575226497,-3.852191693289464,2.4087736301936222,3.2567617499784185,0.0,1448.4891091715792,-0.6204098759399099,0.0,0.0
2023-09-01,Denver,5.7083375445050955,-0.6446461131848995,3.376417917861514,3.1267063456233317,0.0,1448.4891091715792,4.006085843423135,0.0,0.0
2023-09-02,Denver,4.310995102845264,-7.263796214566341,-2.9330713643885105,3.6405022216626644,0.0,1448.4891091715792,-2.30340343882689,0.0,0.0
2023-09-03,Denver,5.537886125352278,-2.6093512627605118,-0.44366235917880825,3.585427197251015,0.0,1448.4891091715792,0.1860055663828123,0.0,0.0
2023-09-04,Denver,3.947041865968039,-5.291121648792664,-0.9695811276662782,3.3822442385097267,0.0,1448.4891091715792,-0.3399132021046577,0.0,0.0
2023-09-05,Denver,3.814054462204779,-2.9700794873315166,-1.6058984772749516,3.77007270406019,0.0,1448.4891091715792,-0.9762305517133311,0.0,0.0
2023-09-06,Denver,8.864503719674833,2.9285915258509827,5.552737290622398,4.477322088523792,0.0,1448.4891091715792,6.182405216184018,0.0,0.0
2023-09-07,Denver,10.045712911083296,-4.763537042558391,1.3770849416580555,4.189389958790037,0.0,1448.4891091715792,2.006752867219676,0.0,0.0
2023-09-08,Denver,1.4825927711855922,-9.889939239753499,-3.7112390017772494,1.7077304743977648,0.0,1448.4891091715792,-3.0815710762156288,0.0,0.0
2023-09-09,Denver,7.901898644561458,-2.9003798900233284,2.737806452654119,0.5911465258980235,0.0,1448.4891091715792,3.3674743782157397,0.0,0.0
2023-09-10,Denver,12.355707423392207,2.7175217022379883,6.267057487544169,4.031487481731081,0.0,1448.4891091715792,6.89672541310579,0.0,0.0
2023-09-11,Denver,8.6394521274179,-2.010494685974199,2.917938279812831,1.6820636673382634,0.0,1448.4891091715792,3.5476062053744517,0.0,0.0
2023-09-12,Denver,0.5218212744811881,-9.808600953301656,-4.814004761937509,2.775640934861876,0.0,1448.4891091715792,-4.184336836375889,0.0,0.0
2023-09-13,Denver,2.0328855580750473,-5.043855724968171,-1.7814027587569847,1.781460839707958,0.0,1448.4891091715792,-1.151734833195364,0.0,0.0
2023-09-14,Denver,9.110083027068072,-3.852216961286649,3.402880491364077,1.100478985326983,0.0,1448.4891091715792,4.032548416925698,0.0,0.0
2023-09-15,Denver,5.2366967270213545,-8.902383453554704,-2.586340017691196,3.394540290047799,0.0,1448.4891091715792,-1.9566720921295753,0.0,0.0
2023-09-16,Denver,7.82447122233722,-3.8622125861507506,0.8063411531047533,3.56259807578917,0.0,1448.4891091715792,1.4360090786663737,0.0,0.0
2023-09-17,Denver,9.130490920934273,-3.2996177775166182,1.740710980975178,2.177059790927739,0.0,1448.4891091715792,2.3703789065367986,0.0,0.0
2023-09-18,Denver,0.8148485144411777,-8.730902182833374,-3.418327970912045,0.11243187656632037,0.0,1448.4891091715792,-2.7886600453504244,0.0,0.0
2023-09-19,Denver,2.6488795432059415,-2.804110923769751,-0.8667132264061872,2.1069252429371135,0.0,1448.4891091715792,-0.23704530084456665,0.0,0.0
2023-09-20,Denver,-5.647460391748062,-15.088013937817694,-10.45878001159859,2.9944756707944507,0.0,1448.4891091715792,-9.82911208603697,0.0,0.0
2023-09-21,Denver,1.2323792686904023,-7.828231727745942,-3.8512080997426397,1.0730834861989105,0.0,1448.4891091715792,-3.221540174181019,0.0,0.0
2023-09-22,Denver,5.0662568739971485,-5.072600388866902,-1.5750304037092746,2.6845147962855127,0.0,1448.4891091715792,-0.9453624781476541,0.0,0.0
2023-09-23,Denver,-2.1348551634872024,-9.17450777958604,-4.596158218914973,2.434856345860962,0.0,1448.4891091715792,-3.9664902933533526,0.0,0.0
2023-09-24,Denver,11.307076559070918,-3.683778710394286,4.0127510798799975,2.978335619203676,0.0,1448.4891091715792,4.642419005441618,0.0,0.0
2023-09-25,Denver,-0.439775022226768,-11.164027466258798,-5.202763174358284,2.467384167200655,0.0,1448.4891091715792,-4.573095248796664,0.0,0.0
2023-09-26,Denver,2.103175890678851,-6.399734019725824,-2.256502504400019,1.3233914753170595,0.0,1448.4891091715792,-1.6268345788383982,0.0,0.0
2023-09-27,Denver,2.9174994461638124,-6.423218162980175,-0.5643439909459366,3.4416006876557597,0.0,1448.4891091715792,0.06532393461568398,0.0,0.0
2023-09-28,Denver,5.868611768149593,-3.748136378930756,3.3508967759482475,2.0349957753209797,0.0,1448.4891091715792,3.980564701509868,0.0,0.0
2023-09-29,Denver,0.9417331197991174,-11.679973280512908,-5.293022756143754,2.114659625457365,0.0,1448.4891091715792,-4.663354830582134,0.0,0.0
2023-09-30,Denver,7.6053665583118395,-2.594055947351028,2.4953896075292334,1.1570929554675276,0.0,1448.4891091715792,3.125057533090854,0.0,0.0
2023-10-01,Denver,2.096841270935588,-4.99781221289447,-0.9682173794528312,1.595448637033516,0.0,1448.4891091715792,-0.701322715226327,0.0,0.0
2023-10-02,Denver,-0.8870237278097481,-9.991740540134709,-3.944405569714324,1.1022866710843662,0.0,1448.4891091715792,-3.6775109054878197,0.0,0.0
2023-10-03,Denver,4.885642848116038,-5.200908181081394,0.3893198970512304,1.7625056477679102,0.0,1448.4891091715792,0.6562145612777346,0.0,0.0
2023-10-04,Denver,7.110461228538614,-6.735860889437073,-0.39307105939547515,3.59554163746582,0.0,1448.4891091715792,-0.126176395168971,0.0,0.0
2023-10-05,Denver,1.8303018664558737,-8.733068809021674,-2.7803111064987194,0.46034788676683447,0.0,1448.4891091715792,-2.513416442272215,0.0,0.0
2023-10-06,Denver,1.9894671748868737,-7.330147468414969,-0.7558183954359666,0.1671532124290267,0.0,1448.4891091715792,-0.4889237312094625,0.0,0.0
2023-10-07,Denver,2.5284976633724745,-6.300034923157757,-2.1028877404986095,3.200415497400486,0.0,1448.4891091715792,-1.8359930762721053,0.0,0.0
2023-10-08,Denver,4.006633891510862,-7.560371852319122,-0.5842807538676325,1.4685322828556457,0.0,1448.4891091715792,-0.3173860896411283,0.0,0.0
2023-10-09,Denver,2.0421733367176618,-4.20889610590858,1.0875033011300193,0.9574894696797173,0.0,1448.4891091715792,1.3543979653565235,0.0,0.0
2023-10-10,Denver,8.80748571252375,-4.223963296637431,3.8889280123004673,2.615283801744946,0.0,1448.4891091715792,4.155822676526971,0.0,0.0
2023-10-11,Denver,0.10460895708461315,-8.515207520468017,-4.5489892476023694,0.9187063049537316,0.0,1448.4891091715792,-4.282094583375866,0.0,0.0
2023-10-12,Denver,11.645250053411727,-2.0030051985562736,5.6009405061916,3.2994152422826515,0.0,1448.4891091715792,5.867835170418104,0.0,0.0
2023-10-13,Denver,1.1601866303195916,-11.910113687292398,-6.613247512098426,2.1005711254267787,0.0,1448.4891091715792,-6.346352847871922,0.0,0.0
2023-10-14,Denver,5.522463819641346,-5.190256719258618,-1.1673837246802903,0.8841446539651517,0.0,1448.4891091715792,-0.9004890604537861,0.0,0.0
2023-10-15,Denver,5.698312666380016,-3.172525546706256,1.1016457022122617,3.478961156740639,0.0,1448.4891091715792,1.3685403664387659,0.0,0.0
2023-10-16,Denver,3.5723557560229984,-4.287334418573016,0.2321446191355041,0.6657359107088553,0.0,1448.4891091715792,0.49903928336200826,0.0,0.0
2023-10-17,Denver,6.437321955899893,-8.05896666857777,-2.422717748974897,1.9635599807999085,0.0,1448.4891091715792,-2.1558230847483926,0.0,0.0
2023-10-18,Denver,3.969773709609994,-6.903307173464988,-1.119053941411739,1.4710016611140866,0.0,1448.4891091715792,-0.8521592771852349,0.0,0.0
2023-10-19,Denver,3.110838388198145,-6.049505543763406,-1.9100555496712748,2.423940282498754,0.0,1448.4891091715792,-1.6431608854447706,0.0,0.0
2023-10-20,Denver,2.8319833866653634,-7.095297094278157,-2.131828982669632,2.6344602136020097,0.0,1448.4891091715792,-1.8649343184431277,0.0,0.0
2023-10-21,Denver,7.553180395662004,-5.957352283407574,2.2560532545102214,1.0559778949298253,0.0,1448.4891091715792,2.5229479187367256,0.0,0.0
2023-10-22,Denver,5.636377086764585,-6.738397050500569,0.8529177046504983,0.22186982215024964,0.0,1448.4891091715792,1.1198123688770025,0.0,0.0
2023-10-23,Denver,1.920894229199655,-7.8730982649910395,-2.218612760479991,1.3868774264397399,0.0,1448.4891091715792,-1.9517180962534866,0.0,0.0
2023-10-24,Denver,6.820469327909606,-2.416247477482107,2.640757739770194,0.20112548587648726,0.0,1448.4891091715792,2.907652403996698,0.0,0.0
2023-10-25,Denver,5.900141916989581,-4.230775167763813,0.9492718223135788,2.8444958989342597,0.0,1448.4891091715792,1.216166486540083,0.0,0.0
2023-10-26,Denver,6.739785353406889,-3.3653544489880898,2.5549225101075357,0.9202581460027465,0.0,1448.4891091715792,2.82181717433404,0.0,0.0
2023-10-27,Denver,6.028438285320821,-1.3681041928658244,2.097706959336567,0.37137583629962373,0.0,1448.4891091715792,2.3646016235630714,0.0,0.0
2023-10-28,Denver,2.9774590032924584,-6.796121532110369,-2.182186338245387,0.8747266099967181,0.0,1448.4891091715792,-1.9152916740188828,0.0,0.0
2023-10-29,Denver,3.341233549303679,-3.7734245137486537,-1.2763006245650377,0.0,0.0,1448.4891091715792,-1.0094059603385335,0.0,0.0
2023-10-30,Denver,10.00499266898009,-2.8498314978018606,2.749003186106058,0.0,0.0,1448.4891091715792,3.0158978503325624,0.0,0.0
2023-10-31,Denver,3.468063916835719,-3.526275280128875,2.444518629425237,1.75289068266077,0.0,1448.4891091715792,2.711413293651741,0.0,0.0
2023-11-01,Denver,7.2976228845064846,-3.614857699928147,0.6603626066227919,0.0,0.0,1448.4891091715792,-2.8107675693315164,0.0,0.0
2023-11-02,Denver,8.05717848108735,-6.172929452594143,1.1880506923409064,0.0,0.0,1448.4891091715792,-2.283079483613402,0.0,0.0
2023-11-03,Denver,6.675287148895184,1.6240209920109203,4.785372497507408,0.9554196266001702,0.0,1448.4891091715792,1.3142423215530998,0.0,0.0
2023-11-04,Denver,3.7832151691237677,-3.5061911194409783,-0.7027534397557087,1.5608206926950532,0.0,1448.4891091715792,-4.173883615710017,0.0,0.0
2023-11-05,Denver,7.278912701760918,-2.5006037270853527,2.8360740007546053,1.0509010006939339,0.0,1448.4891091715792,-0.6350561751997033,0.0,0.0
2023-11-06,Denver,3.602959307690198,-5.856420604151302,0.7142268497669296,1.2853208077304563,0.0,1448.4891091715792,-2.7569033261873788,0.0,0.0
2023-11-07,Denver,4.630223591836332,-6.728942913964159,0.7969486232226447,0.0,0.0,1448.4891091715792,-2.674181552731664,0.0,0.0
2023-11-08,Denver,8.212772641492034,0.566962803994187,4.878636409690777,0.0,0.0,1448.4891091715792,1.407506233736468,0.0,0.0
2023-11-09,Denver,11.822361174261417,-2.42406574102096,4.193955509125984,1.6656744481493133,0.0,1448.4891091715792,0.7228253331716754,0.0,0.0
2023-11-10,Denver,10.700200433803026,-0.6455544516671052,4.296682844081834,0.0,0.0,1448.4891091715792,0.8255526681275258,0.0,0.0
2023-11-11,Denver,12.821376314463029,1.1729846218830202,5.914043671971791,0.0,0.0,1448.4891091715792,2.442913496017482,0.0,0.0
2023-11-12,Denver,8.287544110741816,-4.120453891553045,2.2050360146769634,1.3724971542129205,0.0,1448.4891091715792,-1.266094161277345,0.0,0.0
2023-11-13,Denver,7.641644117003826,-1.6432625437904598,4.3352217738296694,0.5616638155078008,0.0,1448.4891091715792,0.8640915978753609,0.0,0.0
2023-11-14,Denver,5.721998032268155,-1.1266333328358102,1.508778431687816,0.4230434049415414,0.0,1448.4891091715792,-1.9623517442664926,0.0,0.0
2023-11-15,Denver,9.299188401460334,-3.6496839649703854,3.565126559618458,2.094482180172169,0.0,1448.4891091715792,0.09399638366414953,0.0,0.0
2023-11-16,Denver,5.5248430338959515,-4.712102283987308,2.3580347472338694,0.0,0.0,1448.4891091715792,-1.113095428720439,0.0,0.0
2023-11-17,Denver,9.267527288565324,-0.8636263044289634,3.1980296433067426,0.7838199699523554,0.0,1448.4891091715792,-0.27310053264756595,0.0,0.0
2023-11-18,Denver,9.49329700516587,-0.7399201977530412,4.853785102403072,0.0,0.0,1448.4891091715792,1.3826549264487635,0.0,0.0
2023-11-19,Denver,5.215339694146893,-4.963474373952819,0.7775709054712894,0.053613216853936996,0.0,1448.4891091715792,-2.693559270483019,0.0,0.0
2023-11-20,Denver,15.742351742211998,4.2849011411709,9.675911789906761,1.2789892227988258,0.0,1448.4891091715792,6.204781613952453,0.0,0.0
2023-11-21,Denver,6.21615852927519,-3.6247787071857394,0.5497635620461301,0.22452298030730045,0.0,1448.4891091715792,-2.9213666139081784,0.0,0.0
2023-11-22,Denver,4.5553650013358755,-3.8957506980284267,0.09681425006449595,0.22182632555214044,0.0,1448.4891091715792,-3.3743159258898126,0.0,0.0
2023-11-23,Denver,14.126719595815292,2.4260559972560873,7.3877248907689195,0.7235670262786149,0.0,1448.4891091715792,3.916594714814611,0.0,0.0
2023-11-24,Denver,9.843193778992319,-0.29430475849688253,6.464788770392165,0.0,0.0,1448.4891091715792,2.993658594437856,0.0,0.0
2023-11-25,Denver,12.064815931082938,0.32551228877489446,6.140912520666543,0.0,0.0,1448.4891091715792,2.6697823447122344,0.0,0.0
2023-11-26,Denver,12.224284859846,1.8905544710225826,6.334632972893424,0.0,0.0,1448.4891091715792,2.863502796939115,0.0,0.0
2023-11-27,Denver,9.13181719070374,-1.561411216297791,4.596136849674726,0.0,0.0,1448.4891091715792,1.1250066737204172,0.0,0.0
2023-11-28,Denver,7.615777347726629,1.3993917453085651,2.126577814363452,1.5555398144246122,0.0,1448.4891091715792,-1.3445523615908566,0.0,0.0
2023-11-29,Denver,8.356676080005325,-1.489802105974876,5.23334644458328,0.0,0.0,1448.4891091715792,1.762216268628971,0.0,0.0
2023-11-30,Denver,9.550152498521864,0.7736826378786614,3.164111969711512,0.0,0.0,1448.4891091715792,-0.3070182062427964,0.0,0.0
2023-12-01,Denver,13.035283725511405,3.856298342280586,8.312636930175888,0.0,0.0,1448.4891091715792,-0.033927811412789666,0.0,0.0
2023-12-02,Denver,9.355661172635319,1.8192505453530945,5.139745703413879,0.0,0.0,1448.4891091715792,-3.2068190381747987,0.0,0.0
2023-12-03,Denver,9.87348232687254,0.2419907016985663,3.2999684881172078,0.1818569584366334,0.0,1448.4891091715792,-5.04659625347147,0.0,0.0
2023-12-04,Denver,8.953173417489815,-1.7315512277638252,5.009688953303954,0.20226162375733203,0.0,1448.4891091715792,-3.3368757882847238,0.0,0.0
2023-12-05,Denver,10.299120975656194,3.113364722169372,7.411812920201535,0.0,0.0,1448.4891091715792,-0.9347518213871426,0.0,0.0
2023-12-06,Denver,7.347799878146608,-0.8370121841636102,4.682743638432464,0.0,0.0,1448.4891091715792,-3.663821103156214,0.0,0.0
2023-12-07,Denver,10.018836906359045,-0.8197971523406391,4.109821979340585,0.0,0.0,1448.4891091715792,-4.236742762248093,0.0,0.0
2023-12-08,Denver,10.591073746053665,1.7961565339634076,7.51171777479809,0.0,0.0,1448.4891091715792,-0.8348469667905878,0.0,0.0
2023-12-09,Denver,15.35346670513582,2.606042595568888,7.721275432159271,0.8394269294985301,0.0,1448.4891091715792,-0.6252893094294061,0.0,0.0
2023-12-10,Denver,7.549857304482276,2.5972397525907134,5.672751416307859,0.0,0.0,1448.4891091715792,-2.6738133252808183,0.0,0.0
2023-12-11,Denver,13.533780047287252,-0.5053047343185151,5.989095494852195,0.0,0.0,1448.4891091715792,-2.357469246736483,0.0,0.0
2023-12-12,Denver,13.624878318153362,4.048986992091403,8.308352117349434,0.0,0.0,1448.4891091715792,-0.0382126242392431,0.0,0.0
2023-12-13,Denver,8.334171705701692,0.8141142214969079,3.479241373507281,0.33251059825709994,0.0,1448.4891091715792,-4.867323368081396,0.0,0.0
2023-12-14,Denver,7.996254126125148,-0.5441945022125587,3.8136327563385723,0.0,0.0,1448.4891091715792,-4.532931985250105,0.0,0.0
2023-12-15,Denver,11.69309988032288,-1.156743977156692,6.094395708794774,0.0,0.0,1448.4891091715792,-2.252169032793903,0.024687692899757342,0.0
2023-12-16,Denver,12.767750443283806,1.5488698837508394,7.824202496921079,0.0,0.0,1448.4891091715792,-0.5223622446675984,0.04882802920834637,0.0
2023-12-17,Denver,16.268082683308364,5.136108061895369,9.61312986028358,0.0,0.0,1448.4891091715792,1.2665651186949027,0.08721791876770633,0.0
2023-12-18,Denver,18.494664165764366,8.84720924924895,13.323322692771306,0.0,3.323322692771306,1451.8124318643506,4.976757951182629,0.12780628585335752,0.0
2023-12-19,Denver,16.913451842744717,7.1704517773779735,11.6879992005519,0.0,1.6879992005519,1453.5004310649026,3.3414344589632226,0.13260060958859032,0.0
2023-12-20,Denver,13.308407593496884,0.7387039364764085,8.853825911817669,0.3020628315328897,0.0,1453.5004310649026,0.5072611702289915,0.14770234834906243,0.0
2023-12-21,Denver,14.410585712748151,3.9231009699824213,9.496004148329751,0.0,0.0,1453.5004310649026,1.1494394067410738,0.14581856395965928,0.0
2023-12-22,Denver,12.22730368506545,1.1205385609407577,6.765601031727362,0.0,0.0,1453.5004310649026,-1.5809637098613152,0.13211948113502625,0.0
2023-12-23,Denver,12.373193334402238,3.393020742339413,9.938445923387176,0.7381469476441451,0.0,1453.5004310649026,1.5918811817984988,0.10704795186341531,0.0
2023-12-24,Denver,12.327121912608568,3.9912163072273668,9.349400045767137,0.0,0.0,1453.5004310649026,1.0028353041784595,0.13266703220140855,0.0
2023-12-25,Denver,17.520347238356756,6.794014316053738,11.405451097322683,1.6234369468071743,1.4054510973226826,1454.9058821622252,3.058886355734005,0.17700832536032163,0.0
2023-12-26,Denver,13.434283259718285,3.472509876153838,8.177985102526371,0.0,0.0,1454.9058821622252,-0.16857963906230644,0.20727305999603418,0.0
2023-12-27,Denver,17.164522154607692,7.547899048257806,12.44049715913671,0.0,2.4404971591367097,1457.3463793213618,4.093932417548032,0.22741026208041945,0.0
2023-12-28,Denver,20.731436090175666,10.759618545342338,15.703785190577577,0.0,5.703785190577577,1463.0501645119393,7.357220448988899,0.2595335356471362,0.0
2023-12-29,Denver,16.52403643876963,4.9112195652716535,11.002663880727123,0.0,1.0026638807271233,1464.0528283926665,2.656099139138446,0.2660770324439699,0.0
2023-12-30,Denver,16.948014694737086,7.679735386490179,12.757654215201129,0.2915305518636311,2.7576542152011285,1466.8104826078677,4.411089473612451,0.31073226843928586,0.1
2023-12-31,Denver,17.67920125700401,7.74769822928411,13.846658345107478,0.0,3.8466583451074783,1470.6571409529752,5.500093603518801,0.3234064577073805,0.1
